match_id,date,season,manager_id,manager,manager_source,opponent,data_version,shot_fidelity,xy_fidelity,minutes,position_intervals,merged_intervals
68353,2004-10-16,2004/2005,4953,Frank Rijkaard,match,Espanyol,1.1.0,2,2,8.6833,2,1
68313,2004-10-24,2004/2005,4953,Frank Rijkaard,match,Osasuna,1.1.0,2,2,17.55,1,1
68314,2004-12-04,2004/2005,4953,Frank Rijkaard,match,Málaga,1.1.0,2,2,8.1333,2,1
68315,2004-12-21,2004/2005,4953,Frank Rijkaard,match,Levante UD,1.1.0,2,2,32.2667,2,1
68352,2005-04-17,2004/2005,4953,Frank Rijkaard,match,Getafe,1.1.0,2,2,4.1667,1,1
68316,2005-05-01,2004/2005,4953,Frank Rijkaard,match,Albacete,1.1.0,2,2,2.5167,1,1
68317,2005-10-01,2005/2006,4953,Frank Rijkaard,match,Real Zaragoza,1.1.0,2,2,23.6833,2,1
68318,2005-10-22,2005/2006,4953,Frank Rijkaard,match,Osasuna,1.1.0,2,2,90.0,1,1
69164,2005-10-26,2005/2006,4953,Frank Rijkaard,match,Málaga,1.1.0,2,2,28.4167,1,1
68339,2005-11-06,2005/2006,4953,Frank Rijkaard,match,Getafe,1.1.0,2,2,21.5,1,1
68319,2005-11-19,2005/2006,4953,Frank Rijkaard,match,Real Madrid,1.1.0,2,2,69.55,1,1
68354,2005-11-27,2005/2006,4953,Frank Rijkaard,match,Racing Santander,1.1.0,2,2,66.6833,1,1
68320,2005-12-04,2005/2006,4953,Frank Rijkaard,match,Villarreal,1.1.0,2,2,79.95,1,1
68321,2005-12-11,2005/2006,4953,Frank Rijkaard,match,Sevilla,1.1.0,2,2,62.3833,1,1
68322,2005-12-17,2005/2006,4953,Frank Rijkaard,match,Cádiz,1.1.0,2,2,81.85,3,1
68323,2005-12-20,2005/2006,4953,Frank Rijkaard,match,Celta Vigo,1.1.0,2,2,66.3333,1,1
68348,2006-01-07,2005/2006,4953,Frank Rijkaard,match,Espanyol,1.1.0,2,2,77.7667,1,1
68342,2006-01-15,2005/2006,4953,Frank Rijkaard,match,Athletic Club,1.1.0,2,2,82.8333,1,1
68324,2006-01-22,2005/2006,4953,Frank Rijkaard,sole-known-manager-in-season,Deportivo Alavés,1.1.0,2,2,17.2833,1,1
68325,2006-01-29,2005/2006,4953,Frank Rijkaard,match,Mallorca,1.1.0,2,2,16.7833,1,1
68350,2006-02-05,2005/2006,4953,Frank Rijkaard,sole-known-manager-in-season,Atlético Madrid,1.1.0,2,2,45.0,1,1
69172,2006-02-18,2005/2006,4953,Frank Rijkaard,sole-known-manager-in-season,Real Betis,1.1.0,2,2,14.3,2,1
68351,2006-02-25,2005/2006,4953,Frank Rijkaard,match,Real Zaragoza,1.1.0,2,2,69.4,1,1
68326,2006-08-28,2006/2007,4953,Frank Rijkaard,match,Celta Vigo,1.1.0,2,2,90.0,1,1
68327,2006-09-09,2006/2007,4953,Frank Rijkaard,match,Osasuna,1.1.0,2,2,90.0,1,1
68340,2006-09-17,2006/2007,4953,Frank Rijkaard,match,Racing Santander,1.1.0,2,2,64.4833,1,1
68328,2006-09-24,2006/2007,4953,Frank Rijkaard,match,Valencia,1.1.0,2,2,84.2333,1,1
68347,2006-09-30,2006/2007,4953,Frank Rijkaard,match,Athletic Club,1.1.0,2,2,90.0,2,1
68329,2006-10-15,2006/2007,4953,Frank Rijkaard,match,Sevilla,1.1.0,2,2,90.0,2,1
68330,2006-10-22,2006/2007,4953,Frank Rijkaard,match,Real Madrid,1.1.0,2,2,90.0,1,1
69174,2006-11-04,2006/2007,4953,Frank Rijkaard,match,RC Deportivo La Coruña,1.1.0,2,2,90.0,2,1
68331,2006-11-12,2006/2007,4953,Frank Rijkaard,match,Real Zaragoza,1.1.0,2,2,22.65,1,1
69154,2007-02-11,2006/2007,4953,Frank Rijkaard,match,Racing Santander,1.1.0,2,2,22.1333,1,1
68332,2007-02-18,2006/2007,4953,Frank Rijkaard,match,Valencia,1.1.0,2,2,34.2833,1,1
68333,2007-02-25,2006/2007,4953,Frank Rijkaard,sole-known-manager-in-season,Athletic Club,1.1.0,2,2,23.8,1,1
68334,2007-03-03,2006/2007,4953,Frank Rijkaard,match,Sevilla,1.1.0,2,2,70.4667,2,1
68335,2007-03-10,2006/2007,4953,Frank Rijkaard,match,Real Madrid,1.1.0,2,2,90.0,3,1
68341,2007-03-17,2006/2007,4953,Frank Rijkaard,match,Recreativo Huelva,1.1.0,2,2,90.0,1,1
69175,2007-03-31,2006/2007,4953,Frank Rijkaard,match,RC Deportivo La Coruña,1.1.0,2,2,84.2,1,1
69179,2007-04-07,2006/2007,4953,Frank Rijkaard,match,Real Zaragoza,1.1.0,2,2,90.0,2,1
69159,2007-04-15,2006/2007,4953,Frank Rijkaard,match,Mallorca,1.1.0,2,2,90.0,2,1
69155,2007-04-22,2006/2007,4953,Frank Rijkaard,match,Villarreal,1.1.0,2,2,90.0,2,1
69156,2007-04-29,2006/2007,4953,Frank Rijkaard,match,Levante UD,1.1.0,2,2,90.0,1,1
69160,2007-05-05,2006/2007,4953,Frank Rijkaard,match,Real Sociedad,1.1.0,2,2,90.0,1,1
69162,2007-05-13,2006/2007,4953,Frank Rijkaard,sole-known-manager-in-season,Real Betis,1.1.0,2,2,74.3667,2,1
69176,2007-05-20,2006/2007,4953,Frank Rijkaard,match,Atlético Madrid,1.1.0,2,2,90.0,1,1
69157,2007-05-26,2006/2007,4953,Frank Rijkaard,match,Getafe,1.1.0,2,2,89.6833,1,1
69165,2007-06-09,2006/2007,4953,Frank Rijkaard,match,Espanyol,1.1.0,2,2,90.0,2,1
68336,2007-06-17,2006/2007,4953,Frank Rijkaard,match,Gimnàstic Tarragona,1.1.0,2,2,81.5833,1,1
69180,2007-08-26,2007/2008,4953,Frank Rijkaard,match,Racing Santander,1.1.0,2,2,61.3833,1,1
69169,2007-09-02,2007/2008,4953,Frank Rijkaard,match,Athletic Club,1.1.0,2,2,90.0,2,1
69148,2007-09-22,2007/2008,4953,Frank Rijkaard,match,Sevilla,1.1.0,2,2,89.2333,2,1
69151,2007-09-29,2007/2008,4953,Frank Rijkaard,match,Levante UD,1.1.0,2,2,51.4167,2,1
69144,2007-10-07,2007/2008,4953,Frank Rijkaard,match,Atlético Madrid,1.1.0,2,2,90.0,1,1
68364,2007-10-20,2007/2008,4953,Frank Rijkaard,match,Villarreal,1.1.0,2,2,90.0,3,1
69158,2007-10-28,2007/2008,4953,Frank Rijkaard,match,Almería,1.1.0,2,2,15.5,1,1
68363,2007-11-01,2007/2008,4953,Frank Rijkaard,match,Real Valladolid,1.1.0,2,2,90.0,1,1
69166,2007-11-04,2007/2008,4953,Frank Rijkaard,match,Real Betis,1.1.0,2,2,90.0,1,1
69178,2007-11-10,2007/2008,4953,Frank Rijkaard,match,Getafe,1.1.0,2,2,71.7833,1,1
69184,2007-11-24,2007/2008,4953,Frank Rijkaard,match,Recreativo Huelva,1.1.0,2,2,90.0,1,1
68356,2007-12-01,2007/2008,4953,Frank Rijkaard,match,Espanyol,1.1.0,2,2,90.0,1,1
69170,2007-12-09,2007/2008,4953,Frank Rijkaard,match,RC Deportivo La Coruña,1.1.0,2,2,90.0,1,1
69145,2007-12-15,2007/2008,4953,Frank Rijkaard,match,Valencia,1.1.0,2,2,44.6,1,1
69173,2008-01-20,2007/2008,4953,Frank Rijkaard,match,Racing Santander,1.1.0,2,2,24.2,1,1
69181,2008-01-27,2007/2008,4953,Frank Rijkaard,match,Athletic Club,1.1.0,2,2,90.0,1,1
69187,2008-02-03,2007/2008,4953,Frank Rijkaard,match,Osasuna,1.1.0,2,2,67.2667,1,1
69146,2008-02-09,2007/2008,4953,Frank Rijkaard,match,Sevilla,1.1.0,2,2,90.0,2,1
69182,2008-02-16,2007/2008,4953,Frank Rijkaard,match,Real Zaragoza,1.1.0,2,2,79.7833,1,1
68360,2008-02-24,2007/2008,4953,Frank Rijkaard,match,Levante UD,1.1.0,2,2,80.9167,1,1
68365,2008-03-01,2007/2008,4953,Frank Rijkaard,match,Atlético Madrid,1.1.0,2,2,33.45,1,1
68358,2008-04-12,2007/2008,4953,Frank Rijkaard,match,Recreativo Huelva,1.1.0,2,2,25.95,1,1
68359,2008-04-19,2007/2008,4953,Frank Rijkaard,match,Espanyol,1.1.0,2,2,45.0,2,1
69141,2008-05-04,2007/2008,4953,Frank Rijkaard,match,Valencia,1.1.0,2,2,90.0,2,1
68361,2008-05-07,2007/2008,4953,Frank Rijkaard,match,Real Madrid,1.1.0,2,2,90.0,2,1
68366,2008-05-11,2007/2008,4953,Frank Rijkaard,match,Mallorca,1.1.0,2,2,62.6333,1,1
69186,2008-05-17,2007/2008,4953,Frank Rijkaard,match,Real Murcia CF,1.1.0,2,2,90.0,1,1
69147,2008-08-31,2008/2009,36,Josep Guardiola i Sala,match,CD Numancia de Soria,1.1.0,2,2,90.0,1,1
69215,2008-09-13,2008/2009,36,Josep Guardiola i Sala,match,Racing Santander,1.1.0,2,2,31.3833,3,1
69138,2008-09-21,2008/2009,36,Josep Guardiola i Sala,match,Sporting Gijón,1.1.0,2,2,90.0,2,1
69207,2008-09-24,2008/2009,36,Josep Guardiola i Sala,match,Real Betis,1.1.0,2,2,90.0,2,1
69211,2008-09-27,2008/2009,36,Josep Guardiola i Sala,match,Espanyol,1.1.0,2,2,90.0,1,1
69212,2008-10-04,2008/2009,36,Josep Guardiola i Sala,match,Atlético Madrid,1.1.0,2,2,69.8333,1,1
69232,2008-10-25,2008/2009,36,Josep Guardiola i Sala,sole-known-manager-in-season,Almería,1.1.0,2,2,90.0,1,1
69235,2008-11-01,2008/2009,36,Josep Guardiola i Sala,match,Málaga,1.1.0,2,2,78.9333,1,1
69279,2008-11-08,2008/2009,36,Josep Guardiola i Sala,match,Real Valladolid,1.1.0,2,2,90.0,1,1
69285,2008-11-16,2008/2009,36,Josep Guardiola i Sala,match,Recreativo Huelva,1.1.0,2,2,90.0,1,1
69171,2008-11-29,2008/2009,36,Josep Guardiola i Sala,match,Sevilla,1.1.0,2,2,90.0,1,1
69149,2008-12-06,2008/2009,36,Josep Guardiola i Sala,match,Valencia,1.1.0,2,2,81.6,2,1
69225,2008-12-13,2008/2009,36,Josep Guardiola i Sala,match,Real Madrid,1.1.0,2,2,90.0,1,1
69228,2008-12-21,2008/2009,36,Josep Guardiola i Sala,match,Villarreal,1.1.0,2,2,90.0,1,1
69230,2009-01-11,2008/2009,36,Josep Guardiola i Sala,match,Osasuna,1.1.0,2,2,90.0,4,1
69183,2009-01-17,2008/2009,36,Josep Guardiola i Sala,match,RC Deportivo La Coruña,1.1.0,2,2,90.0,1,1
69189,2009-01-24,2008/2009,36,Josep Guardiola i Sala,match,CD Numancia de Soria,1.1.0,2,2,90.0,1,1
69209,2009-02-01,2008/2009,36,Josep Guardiola i Sala,match,Racing Santander,1.1.0,2,2,31.2167,2,1
69231,2009-02-08,2008/2009,36,Josep Guardiola i Sala,match,Sporting Gijón,1.1.0,2,2,90.0,1,1
69195,2009-02-14,2008/2009,36,Josep Guardiola i Sala,match,Real Betis,1.1.0,2,2,33.1167,2,1
69139,2009-02-21,2008/2009,36,Josep Guardiola i Sala,match,Espanyol,1.1.0,2,2,90.0,2,1
69185,2009-03-01,2008/2009,36,Josep Guardiola i Sala,match,Atlético Madrid,1.1.0,2,2,90.0,1,1
69216,2009-03-07,2008/2009,36,Josep Guardiola i Sala,match,Athletic Club,1.1.0,2,2,90.0,1,1
69177,2009-03-15,2008/2009,36,Josep Guardiola i Sala,sole-known-manager-in-season,Almería,1.1.0,2,2,90.0,1,1
69142,2009-03-22,2008/2009,36,Josep Guardiola i Sala,match,Málaga,1.1.0,2,2,90.0,1,1
69273,2009-04-04,2008/2009,36,Josep Guardiola i Sala,match,Real Valladolid,1.1.0,2,2,31.1,1,1
69222,2009-04-11,2008/2009,36,Josep Guardiola i Sala,match,Recreativo Huelva,1.1.0,2,2,90.0,1,1
69223,2009-04-18,2008/2009,36,Josep Guardiola i Sala,match,Getafe,1.1.0,2,2,90.0,1,1
69251,2009-04-25,2008/2009,36,Josep Guardiola i Sala,match,Valencia,1.1.0,2,2,90.0,1,1
69249,2009-05-02,2008/2009,36,Josep Guardiola i Sala,match,Real Madrid,1.1.0,2,2,90.0,2,1
69217,2009-05-10,2008/2009,36,Josep Guardiola i Sala,match,Villarreal,1.1.0,2,2,89.3667,2,1
69229,2009-09-12,2009/2010,36,Josep Guardiola i Sala,match,Getafe,1.1.0,2,2,32.3167,2,1
69292,2009-09-19,2009/2010,36,Josep Guardiola i Sala,match,Atlético Madrid,1.1.0,2,2,90.0,1,1
69254,2009-09-22,2009/2010,36,Josep Guardiola i Sala,match,Racing Santander,1.1.0,2,2,63.55,1,1
69255,2009-09-26,2009/2010,36,Josep Guardiola i Sala,match,Málaga,1.1.0,2,2,90.0,1,1
69256,2009-10-03,2009/2010,36,Josep Guardiola i Sala,sole-known-manager-in-season,Almería,1.1.0,2,2,90.0,1,1
69252,2009-10-17,2009/2010,36,Josep Guardiola i Sala,match,Valencia,1.1.0,2,2,90.0,1,1
69253,2009-10-25,2009/2010,36,Josep Guardiola i Sala,match,Real Zaragoza,1.1.0,2,2,90.0,1,1
69277,2009-10-31,2009/2010,36,Josep Guardiola i Sala,match,Osasuna,1.1.0,2,2,90.0,1,1
69250,2009-11-07,2009/2010,36,Josep Guardiola i Sala,match,Mallorca,1.1.0,2,2,39.6,1,1
69288,2009-11-21,2009/2010,36,Josep Guardiola i Sala,match,Athletic Club,1.1.0,2,2,74.9167,2,2
69262,2009-11-29,2009/2010,36,Josep Guardiola i Sala,match,Real Madrid,1.1.0,2,2,90.0,1,1
69267,2009-12-02,2009/2010,36,Josep Guardiola i Sala,match,Xerez,1.1.0,2,2,35.55,1,1
69218,2009-12-05,2009/2010,36,Josep Guardiola i Sala,match,RC Deportivo La Coruña,1.1.0,2,2,90.0,1,1
69219,2010-01-10,2009/2010,36,Josep Guardiola i Sala,match,Tenerife,1.1.0,2,2,90.0,1,1
69243,2010-01-16,2009/2010,36,Josep Guardiola i Sala,match,Sevilla,1.1.0,2,2,90.0,1,1
69210,2010-01-23,2009/2010,36,Josep Guardiola i Sala,match,Real Valladolid,1.1.0,2,2,90.0,1,1
69220,2010-01-30,2009/2010,36,Josep Guardiola i Sala,match,Sporting Gijón,1.1.0,2,2,90.0,1,1
69240,2010-02-06,2009/2010,36,Josep Guardiola i Sala,match,Getafe,1.1.0,2,2,90.0,2,1
69237,2010-02-14,2009/2010,36,Josep Guardiola i Sala,match,Atlético Madrid,1.1.0,2,2,90.0,1,1
69233,2010-02-20,2009/2010,36,Josep Guardiola i Sala,match,Racing Santander,1.1.0,2,2,90.0,1,1
69238,2010-02-27,2009/2010,36,Josep Guardiola i Sala,match,Málaga,1.1.0,2,2,90.0,1,1
69226,2010-03-06,2009/2010,36,Josep Guardiola i Sala,match,Almería,1.1.0,2,2,90.0,2,1
69224,2010-03-14,2009/2010,36,Josep Guardiola i Sala,match,Valencia,1.1.0,2,2,88.25,1,1
69227,2010-03-21,2009/2010,36,Josep Guardiola i Sala,match,Real Zaragoza,1.1.0,2,2,90.0,1,1
69257,2010-03-24,2009/2010,36,Josep Guardiola i Sala,match,Osasuna,1.1.0,2,2,90.0,1,1
69298,2010-03-27,2009/2010,36,Josep Guardiola i Sala,match,Mallorca,1.1.0,2,2,39.6333,2,1
69247,2010-04-03,2009/2010,36,Josep Guardiola i Sala,match,Athletic Club,1.1.0,2,2,90.0,1,1
69259,2010-04-10,2009/2010,36,Josep Guardiola i Sala,match,Real Madrid,1.1.0,2,2,90.0,1,1
69221,2010-04-14,2009/2010,36,Josep Guardiola i Sala,match,RC Deportivo La Coruña,1.1.0,2,2,90.0,3,1
69213,2010-04-17,2009/2010,36,Josep Guardiola i Sala,match,Espanyol,1.1.0,2,2,90.0,2,1
69214,2010-04-24,2009/2010,36,Josep Guardiola i Sala,match,Xerez,1.1.0,2,2,38.4167,1,1
69244,2010-05-01,2009/2010,36,Josep Guardiola i Sala,match,Villarreal,1.1.0,2,2,89.5,1,1
69241,2010-05-04,2009/2010,36,Josep Guardiola i Sala,match,Tenerife,1.1.0,2,2,90.0,3,1
69239,2010-05-08,2009/2010,36,Josep Guardiola i Sala,match,Sevilla,1.1.0,2,2,90.0,1,1
69242,2010-05-16,2009/2010,36,Josep Guardiola i Sala,match,Real Valladolid,1.1.0,2,2,90.0,2,1
69286,2010-08-29,2010/2011,36,Josep Guardiola i Sala,match,Racing Santander,1.1.0,2,2,90.0,1,1
69287,2010-09-11,2010/2011,36,Josep Guardiola i Sala,match,Hércules,1.1.0,2,2,90.0,2,1
69269,2010-09-19,2010/2011,36,Josep Guardiola i Sala,match,Atlético Madrid,1.1.0,2,2,90.0,2,1
69236,2010-10-03,2010/2011,36,Josep Guardiola i Sala,match,Mallorca,1.1.0,2,2,90.0,2,1
69260,2010-10-16,2010/2011,36,Josep Guardiola i Sala,match,Valencia,1.1.0,2,2,90.0,1,1
69263,2010-10-23,2010/2011,36,Josep Guardiola i Sala,match,Real Zaragoza,1.1.0,2,2,90.0,2,1
69289,2010-10-30,2010/2011,36,Josep Guardiola i Sala,match,Sevilla,1.1.0,2,2,90.0,1,1
69270,2010-11-07,2010/2011,36,Josep Guardiola i Sala,match,Getafe,1.1.0,2,2,90.0,1,1
69308,2010-11-13,2010/2011,36,Josep Guardiola i Sala,match,Villarreal,1.1.0,2,2,90.0,2,1
69306,2010-11-20,2010/2011,36,Josep Guardiola i Sala,match,Almería,1.1.0,2,2,90.0,2,1
69299,2010-11-29,2010/2011,36,Josep Guardiola i Sala,match,Real Madrid,1.1.0,2,2,90.0,1,1
69307,2010-12-04,2010/2011,36,Josep Guardiola i Sala,match,Osasuna,1.1.0,2,2,90.0,2,1
69302,2010-12-12,2010/2011,36,Josep Guardiola i Sala,match,Real Sociedad,1.1.0,2,2,90.0,1,1
69275,2010-12-18,2010/2011,36,Josep Guardiola i Sala,match,Espanyol,1.1.0,2,2,90.0,1,1
69280,2011-01-08,2010/2011,36,Josep Guardiola i Sala,match,RC Deportivo La Coruña,1.1.0,2,2,90.0,1,1
69278,2011-01-16,2010/2011,36,Josep Guardiola i Sala,match,Málaga,1.1.0,2,2,90.0,1,1
69295,2011-01-22,2010/2011,36,Josep Guardiola i Sala,match,Racing Santander,1.1.0,2,2,90.0,1,1
69296,2011-01-29,2010/2011,36,Josep Guardiola i Sala,match,Hércules,1.1.0,2,2,90.0,1,1
69276,2011-02-05,2010/2011,36,Josep Guardiola i Sala,match,Atlético Madrid,1.1.0,2,2,90.0,1,1
69248,2011-02-12,2010/2011,36,Josep Guardiola i Sala,match,Sporting Gijón,1.1.0,2,2,90.0,1,1
69282,2011-02-20,2010/2011,36,Josep Guardiola i Sala,match,Athletic Club,1.1.0,2,2,90.0,2,1
69283,2011-02-26,2010/2011,36,Josep Guardiola i Sala,match,Mallorca,1.1.0,2,2,90.0,1,1
69274,2011-03-02,2010/2011,36,Josep Guardiola i Sala,match,Valencia,1.1.0,2,2,90.0,2,1
69300,2011-03-05,2010/2011,36,Josep Guardiola i Sala,match,Real Zaragoza,1.1.0,2,2,90.0,1,1
69291,2011-03-13,2010/2011,36,Josep Guardiola i Sala,match,Sevilla,1.1.0,2,2,90.0,2,1
69303,2011-03-19,2010/2011,36,Josep Guardiola i Sala,match,Getafe,1.1.0,2,2,90.0,2,1
69304,2011-04-02,2010/2011,36,Josep Guardiola i Sala,match,Villarreal,1.1.0,2,2,37.5667,2,1
69305,2011-04-09,2010/2011,36,Josep Guardiola i Sala,sole-known-manager-in-season,Almería,1.1.0,2,2,90.0,1,1
69245,2011-04-16,2010/2011,36,Josep Guardiola i Sala,match,Real Madrid,1.1.0,2,2,90.0,1,1
69271,2011-04-23,2010/2011,36,Josep Guardiola i Sala,match,Osasuna,1.1.0,2,2,30.5833,1,1
69246,2011-04-30,2010/2011,36,Josep Guardiola i Sala,match,Real Sociedad,1.1.0,2,2,90.0,1,1
69234,2011-05-08,2010/2011,36,Josep Guardiola i Sala,match,Espanyol,1.1.0,2,2,90.0,1,1
69272,2011-05-11,2010/2011,36,Josep Guardiola i Sala,match,Levante UD,1.1.0,2,2,90.0,1,1
69268,2011-08-29,2011/2012,36,Josep Guardiola i Sala,match,Villarreal,1.1.0,2,2,90.0,1,1
69264,2011-09-10,2011/2012,36,Josep Guardiola i Sala,match,Real Sociedad,1.1.0,2,2,28.1667,2,1
70220,2011-09-17,2011/2012,36,Josep Guardiola i Sala,match,Osasuna,1.1.0,2,2,90.0,1,1
70223,2011-09-21,2011/2012,36,Josep Guardiola i Sala,match,Valencia,1.1.0,2,2,90.0,1,1
69297,2011-09-24,2011/2012,36,Josep Guardiola i Sala,match,Atlético Madrid,1.1.0,2,2,90.0,1,1
69265,2011-10-02,2011/2012,36,Josep Guardiola i Sala,match,Sporting Gijón,1.1.0,2,2,90.0,1,1
69293,2011-10-15,2011/2012,36,Josep Guardiola i Sala,match,Racing Santander,1.1.0,2,2,90.0,2,1
69329,2011-10-22,2011/2012,36,Josep Guardiola i Sala,match,Sevilla,1.1.0,2,2,90.0,1,1
69318,2011-10-25,2011/2012,36,Josep Guardiola i Sala,match,Granada,1.1.0,2,2,90.0,1,1
69314,2011-10-29,2011/2012,36,Josep Guardiola i Sala,match,Mallorca,1.1.0,2,2,90.0,2,1
69330,2011-11-06,2011/2012,36,Josep Guardiola i Sala,match,Athletic Club,1.1.0,2,2,90.0,1,1
69331,2011-11-19,2011/2012,36,Josep Guardiola i Sala,match,Real Zaragoza,1.1.0,2,2,90.0,1,1
69315,2011-11-26,2011/2012,36,Josep Guardiola i Sala,match,Getafe,1.1.0,2,2,90.0,1,1
69332,2011-11-29,2011/2012,36,Josep Guardiola i Sala,match,Rayo Vallecano,1.1.0,2,2,90.0,2,1
69333,2011-12-03,2011/2012,36,Josep Guardiola i Sala,match,Levante UD,1.1.0,2,2,90.0,2,1
69334,2011-12-10,2011/2012,36,Josep Guardiola i Sala,match,Real Madrid,1.1.0,2,2,90.0,1,1
69312,2012-01-08,2011/2012,36,Josep Guardiola i Sala,match,Espanyol,1.1.0,2,2,90.0,1,1
69327,2012-01-15,2011/2012,36,Josep Guardiola i Sala,match,Real Betis,1.1.0,2,2,90.0,1,1
69335,2012-01-22,2011/2012,36,Josep Guardiola i Sala,match,Málaga,1.1.0,2,2,90.0,1,1
69338,2012-01-28,2011/2012,36,Josep Guardiola i Sala,match,Villarreal,1.1.0,2,2,90.0,2,1
69316,2012-02-04,2011/2012,36,Josep Guardiola i Sala,match,Real Sociedad,1.1.0,2,2,90.0,1,1
69336,2012-02-11,2011/2012,36,Josep Guardiola i Sala,match,Osasuna,1.1.0,2,2,90.0,2,1
69328,2012-02-19,2011/2012,36,Josep Guardiola i Sala,match,Valencia,1.1.0,2,2,90.0,1,1
69337,2012-02-26,2011/2012,36,Josep Guardiola i Sala,match,Atlético Madrid,1.1.0,2,2,90.0,2,1
69322,2012-03-11,2011/2012,36,Josep Guardiola i Sala,match,Racing Santander,1.1.0,2,2,90.0,1,1
69326,2012-03-17,2011/2012,36,Josep Guardiola i Sala,match,Sevilla,1.1.0,2,2,90.0,1,1
70225,2012-03-20,2011/2012,36,Josep Guardiola i Sala,match,Granada,1.1.0,2,2,90.0,1,1
69325,2012-03-24,2011/2012,36,Josep Guardiola i Sala,match,Mallorca,1.1.0,2,2,90.0,2,1
69323,2012-03-31,2011/2012,36,Josep Guardiola i Sala,match,Athletic Club,1.1.0,2,2,90.0,1,1
70219,2012-04-07,2011/2012,36,Josep Guardiola i Sala,match,Real Zaragoza,1.1.0,2,2,90.0,1,1
69343,2012-04-10,2011/2012,36,Josep Guardiola i Sala,match,Getafe,1.1.0,2,2,90.0,2,1
70221,2012-04-14,2011/2012,36,Josep Guardiola i Sala,match,Levante UD,1.1.0,2,2,90.0,4,1
69324,2012-04-21,2011/2012,36,Josep Guardiola i Sala,match,Real Madrid,1.1.0,2,2,90.0,2,1
70224,2012-04-29,2011/2012,36,Josep Guardiola i Sala,match,Rayo Vallecano,1.1.0,2,2,90.0,1,1
69340,2012-05-02,2011/2012,36,Josep Guardiola i Sala,match,Málaga,1.1.0,2,2,90.0,1,1
69320,2012-05-05,2011/2012,36,Josep Guardiola i Sala,match,Espanyol,1.1.0,2,2,90.0,1,1
69319,2012-05-12,2011/2012,36,Josep Guardiola i Sala,match,Real Betis,1.1.0,2,2,90.0,1,1
70259,2012-08-19,2012/2013,1001722,Francesc Vilanova i Bayo,sole-known-manager-in-season,Real Sociedad,1.1.0,2,2,90.0,1,1
70262,2012-08-26,2012/2013,1001722,Francesc Vilanova i Bayo,sole-known-manager-in-season,Osasuna,1.1.0,2,2,90.0,2,1
70286,2012-09-02,2012/2013,1001722,Francesc Vilanova i Bayo,sole-known-manager-in-season,Valencia,1.1.0,2,2,90.0,1,1
70292,2012-09-15,2012/2013,1001722,Francesc Vilanova i Bayo,sole-known-manager-in-season,Getafe,1.1.0,2,2,31.5,2,1
70270,2012-09-22,2012/2013,1001722,Francesc Vilanova i Bayo,sole-known-manager-in-season,Granada,1.1.0,2,2,90.0,2,1
70275,2012-09-29,2012/2013,1001722,Francesc Vilanova i Bayo,sole-known-manager-in-season,Sevilla,1.1.0,2,2,90.0,2,1
70300,2012-10-07,2012/2013,1001722,Francesc Vilanova i Bayo,sole-known-manager-in-season,Real Madrid,1.1.0,2,2,90.0,1,1
70304,2012-10-20,2012/2013,1001722,Francesc Vilanova i Bayo,sole-known-manager-in-season,RC Deportivo La Coruña,1.1.0,2,2,90.0,2,1
70276,2012-10-27,2012/2013,1001722,Francesc Vilanova i Bayo,match,Rayo Vallecano,1.1.0,2,2,90.0,1,1
70308,2012-11-03,2012/2013,1001722,Francesc Vilanova i Bayo,sole-known-manager-in-season,Celta Vigo,1.1.0,2,2,90.0,1,1
266724,2012-11-11,2012/2013,1001722,Francesc Vilanova i Bayo,sole-known-manager-in-season,Mallorca,1.1.0,2,2,90.0,1,1
70309,2012-11-17,2012/2013,1001722,Francesc Vilanova i Bayo,match,Real Zaragoza,1.1.0,2,2,90.0,1,1
70280,2012-11-25,2012/2013,1001722,Francesc Vilanova i Bayo,sole-known-manager-in-season,Levante UD,1.1.0,2,2,90.0,1,1
70263,2012-12-01,2012/2013,1001722,Francesc Vilanova i Bayo,match,Athletic Club,1.1.0,2,2,90.0,1,1
70295,2012-12-09,2012/2013,1001722,Francesc Vilanova i Bayo,sole-known-manager-in-season,Real Betis,1.1.0,2,2,90.0,1,1
70296,2012-12-16,2012/2013,1001722,Francesc Vilanova i Bayo,sole-known-manager-in-season,Atlético Madrid,1.1.0,2,2,90.0,1,1
266015,2012-12-22,2012/2013,1001722,Francesc Vilanova i Bayo,sole-known-manager-in-season,Real Valladolid,1.1.0,2,2,90.0,1,1
266433,2013-01-06,2012/2013,1001722,Francesc Vilanova i Bayo,sole-known-manager-in-season,Espanyol,1.1.0,2,2,90.0,1,1
266827,2013-01-13,2012/2013,1001722,Francesc Vilanova i Bayo,sole-known-manager-in-season,Málaga,1.1.0,2,2,90.0,1,1
70287,2013-01-19,2012/2013,1001722,Francesc Vilanova i Bayo,sole-known-manager-in-season,Real Sociedad,1.1.0,2,2,90.0,1,1
70260,2013-01-27,2012/2013,1001722,Francesc Vilanova i Bayo,sole-known-manager-in-season,Osasuna,1.1.0,2,2,90.0,1,1
70282,2013-02-03,2012/2013,1001722,Francesc Vilanova i Bayo,sole-known-manager-in-season,Valencia,1.1.0,2,2,90.0,1,1
70297,2013-02-10,2012/2013,1001722,Francesc Vilanova i Bayo,sole-known-manager-in-season,Getafe,1.1.0,2,2,90.0,1,1
70294,2013-02-16,2012/2013,1001722,Francesc Vilanova i Bayo,sole-known-manager-in-season,Granada,1.1.0,2,2,90.0,1,1
70271,2013-02-23,2012/2013,1001722,Francesc Vilanova i Bayo,sole-known-manager-in-season,Sevilla,1.1.0,2,2,90.0,1,1
70272,2013-03-02,2012/2013,1001722,Francesc Vilanova i Bayo,sole-known-manager-in-season,Real Madrid,1.1.0,2,2,90.0,2,1
70305,2013-03-09,2012/2013,1001722,Francesc Vilanova i Bayo,sole-known-manager-in-season,RC Deportivo La Coruña,1.1.0,2,2,28.45,1,1
70307,2013-03-17,2012/2013,1001722,Francesc Vilanova i Bayo,sole-known-manager-in-season,Rayo Vallecano,1.1.0,2,2,90.0,1,1
70256,2013-03-30,2012/2013,1001722,Francesc Vilanova i Bayo,sole-known-manager-in-season,Celta Vigo,1.1.0,2,2,90.0,1,1
267502,2013-04-27,2012/2013,1001722,Francesc Vilanova i Bayo,match,Athletic Club,1.1.0,2,2,31.95,2,1
70281,2013-05-05,2012/2013,1001722,Francesc Vilanova i Bayo,sole-known-manager-in-season,Real Betis,1.1.0,2,2,34.0333,1,1
70284,2013-05-12,2012/2013,1001722,Francesc Vilanova i Bayo,sole-known-manager-in-season,Atlético Madrid,1.1.0,2,2,78.6,3,2
70277,2013-08-18,2013/2014,163,Gerardo Daniel Martino,match,Levante UD,1.1.0,2,2,70.45,1,1
70298,2013-09-01,2013/2014,163,Gerardo Daniel Martino,match,Valencia,1.1.0,2,2,90.0,1,1
70301,2013-09-14,2013/2014,163,Gerardo Daniel Martino,match,Sevilla,1.1.0,2,2,90.0,1,1
70302,2013-09-21,2013/2014,163,Gerardo Daniel Martino,match,Rayo Vallecano,1.1.0,2,2,90.0,1,1
267520,2013-09-24,2013/2014,163,Gerardo Daniel Martino,match,Real Sociedad,1.1.0,2,2,80.2333,1,1
266420,2013-09-28,2013/2014,163,Gerardo Daniel Martino,match,Almería,1.1.0,2,2,28.2333,1,1
266462,2013-10-19,2013/2014,163,Gerardo Daniel Martino,match,Osasuna,1.1.0,2,2,22.5,2,1
70293,2013-10-26,2013/2014,163,Gerardo Daniel Martino,match,Real Madrid,1.1.0,2,2,90.0,1,1
267192,2013-10-29,2013/2014,163,Gerardo Daniel Martino,match,Celta Vigo,1.1.0,2,2,90.0,1,1
70283,2013-11-01,2013/2014,163,Gerardo Daniel Martino,match,Espanyol,1.1.0,2,2,90.0,1,1
266883,2013-11-10,2013/2014,163,Gerardo Daniel Martino,match,Real Betis,1.1.0,2,2,20.9667,1,1
265830,2014-01-11,2013/2014,163,Gerardo Daniel Martino,match,Atlético Madrid,1.1.0,2,2,45.0,2,1
70288,2014-01-19,2013/2014,163,Gerardo Daniel Martino,match,Levante UD,1.1.0,2,2,90.0,1,1
70291,2014-01-26,2013/2014,163,Gerardo Daniel Martino,match,Málaga,1.1.0,2,2,90.0,1,1
266613,2014-02-01,2013/2014,163,Gerardo Daniel Martino,match,Valencia,1.1.0,2,2,90.0,2,1
267675,2014-02-09,2013/2014,163,Gerardo Daniel Martino,match,Sevilla,1.1.0,2,2,90.0,1,1
265918,2014-02-15,2013/2014,163,Gerardo Daniel Martino,match,Rayo Vallecano,1.1.0,2,2,73.65,1,1
265837,2014-02-22,2013/2014,163,Gerardo Daniel Martino,match,Real Sociedad,1.1.0,2,2,90.0,2,1
266066,2014-03-02,2013/2014,163,Gerardo Daniel Martino,match,Almería,1.1.0,2,2,90.0,1,1
266603,2014-03-08,2013/2014,163,Gerardo Daniel Martino,match,Real Valladolid,1.1.0,2,2,90.0,2,1
266074,2014-03-16,2013/2014,163,Gerardo Daniel Martino,match,Osasuna,1.1.0,2,2,90.0,1,1
265857,2014-03-23,2013/2014,163,Gerardo Daniel Martino,match,Real Madrid,1.1.0,2,2,90.0,1,1
266274,2014-03-26,2013/2014,163,Gerardo Daniel Martino,match,Celta Vigo,1.1.0,2,2,90.0,1,1
70306,2014-03-29,2013/2014,163,Gerardo Daniel Martino,match,Espanyol,1.1.0,2,2,90.0,1,1
267368,2014-04-05,2013/2014,163,Gerardo Daniel Martino,sole-known-manager-in-season,Real Betis,1.1.0,2,2,90.0,1,1
267138,2014-04-12,2013/2014,163,Gerardo Daniel Martino,match,Granada,1.1.0,2,2,90.0,2,1
267567,2014-04-20,2013/2014,163,Gerardo Daniel Martino,match,Athletic Club,1.1.0,2,2,90.0,1,1
70289,2014-04-27,2013/2014,163,Gerardo Daniel Martino,match,Villarreal,1.1.0,2,2,90.0,1,1
266491,2014-05-03,2013/2014,163,Gerardo Daniel Martino,match,Getafe,1.1.0,2,2,90.0,1,1
266201,2014-05-11,2013/2014,163,Gerardo Daniel Martino,match,Elche,1.1.0,2,2,90.0,1,1
266256,2014-05-17,2013/2014,163,Gerardo Daniel Martino,match,Atlético Madrid,1.1.0,2,2,90.0,2,1
266921,2014-08-24,2014/2015,793,Luis Enrique Martínez García,match,Elche,1.1.0,2,2,90.0,2,1
266406,2014-08-31,2014/2015,793,Luis Enrique Martínez García,match,Villarreal,1.1.0,2,2,90.0,1,1
70273,2014-09-13,2014/2015,793,Luis Enrique Martínez García,match,Athletic Club,1.1.0,2,2,90.0,1,1
266770,2014-09-21,2014/2015,793,Luis Enrique Martínez García,match,Levante UD,1.1.0,2,2,90.0,1,1
266838,2014-09-24,2014/2015,793,Luis Enrique Martínez García,match,Málaga,1.1.0,2,2,90.0,1,1
266117,2014-09-27,2014/2015,793,Luis Enrique Martínez García,match,Granada,1.1.0,2,2,90.0,1,1
267561,2014-10-04,2014/2015,793,Luis Enrique Martínez García,match,Rayo Vallecano,1.1.0,2,2,90.0,1,1
265896,2014-10-18,2014/2015,793,Luis Enrique Martínez García,match,Eibar,1.1.0,2,2,90.0,1,1
267085,2014-10-25,2014/2015,793,Luis Enrique Martínez García,match,Real Madrid,1.1.0,2,2,90.0,1,1
267301,2014-11-01,2014/2015,793,Luis Enrique Martínez García,match,Celta Vigo,1.1.0,2,2,90.0,2,1
267499,2014-11-08,2014/2015,793,Luis Enrique Martínez García,match,Almería,1.1.0,2,2,90.0,2,1
265835,2014-11-22,2014/2015,793,Luis Enrique Martínez García,match,Sevilla,1.1.0,2,2,90.0,2,1
266560,2014-11-30,2014/2015,793,Luis Enrique Martínez García,match,Valencia,1.1.0,2,2,90.0,1,1
266320,2014-12-07,2014/2015,793,Luis Enrique Martínez García,match,Espanyol,1.1.0,2,2,90.0,1,1
70264,2014-12-13,2014/2015,793,Luis Enrique Martínez García,match,Getafe,1.1.0,2,2,90.0,1,1
266846,2014-12-20,2014/2015,793,Luis Enrique Martínez García,match,Córdoba CF,1.1.0,2,2,90.0,1,1
266240,2015-01-04,2014/2015,793,Luis Enrique Martínez García,match,Real Sociedad,1.1.0,2,2,45.0,1,1
70303,2015-01-11,2014/2015,793,Luis Enrique Martínez García,match,Atlético Madrid,1.1.0,2,2,90.0,1,1
266230,2015-01-18,2014/2015,793,Luis Enrique Martínez García,match,RC Deportivo La Coruña,1.1.0,2,2,90.0,1,1
266794,2015-01-24,2014/2015,793,Luis Enrique Martínez García,match,Elche,1.1.0,2,2,90.0,1,1
267597,2015-02-01,2014/2015,793,Luis Enrique Martínez García,match,Villarreal,1.1.0,2,2,90.0,2,1
266871,2015-02-08,2014/2015,793,Luis Enrique Martínez García,match,Athletic Club,1.1.0,2,2,90.0,2,1
266741,2015-02-15,2014/2015,793,Luis Enrique Martínez García,match,Levante UD,1.1.0,2,2,90.0,2,1
266148,2015-02-21,2014/2015,793,Luis Enrique Martínez García,match,Málaga,1.1.0,2,2,90.0,1,1
267343,2015-02-28,2014/2015,793,Luis Enrique Martínez García,match,Granada,1.1.0,2,2,90.0,1,1
266916,2015-03-08,2014/2015,793,Luis Enrique Martínez García,match,Rayo Vallecano,1.1.0,2,2,90.0,2,1
266967,2015-03-14,2014/2015,793,Luis Enrique Martínez García,match,Eibar,1.1.0,2,2,90.0,1,1
267183,2015-03-22,2014/2015,793,Luis Enrique Martínez García,match,Real Madrid,1.1.0,2,2,90.0,1,1
266929,2015-04-05,2014/2015,793,Luis Enrique Martínez García,match,Celta Vigo,1.1.0,2,2,90.0,2,1
267400,2015-04-08,2014/2015,793,Luis Enrique Martínez García,sole-known-manager-in-season,Almería,1.1.0,2,2,90.0,1,1
266142,2015-04-11,2014/2015,793,Luis Enrique Martínez García,match,Sevilla,1.1.0,2,2,90.0,2,1
266525,2015-04-18,2014/2015,793,Luis Enrique Martínez García,match,Valencia,1.1.0,2,2,90.0,2,1
266531,2015-04-25,2014/2015,793,Luis Enrique Martínez García,match,Espanyol,1.1.0,2,2,90.0,1,1
265963,2015-04-28,2014/2015,793,Luis Enrique Martínez García,match,Getafe,1.1.0,2,2,90.0,1,1
265866,2015-05-02,2014/2015,793,Luis Enrique Martínez García,match,Córdoba CF,1.1.0,2,2,90.0,1,1
266045,2015-05-09,2014/2015,793,Luis Enrique Martínez García,match,Real Sociedad,1.1.0,2,2,90.0,1,1
266631,2015-05-17,2014/2015,793,Luis Enrique Martínez García,match,Atlético Madrid,1.1.0,2,2,90.0,1,1
267197,2015-05-23,2014/2015,793,Luis Enrique Martínez García,match,RC Deportivo La Coruña,1.1.0,2,2,90.0,1,1
266236,2015-08-23,2015/2016,793,Luis Enrique Martínez García,match,Athletic Club,1.1.0,2,2,90.0,1,1
267422,2015-08-29,2015/2016,793,Luis Enrique Martínez García,match,Málaga,1.1.0,2,2,90.0,1,1
266166,2015-09-12,2015/2016,793,Luis Enrique Martínez García,match,Atlético Madrid,1.1.0,2,2,30.6667,2,1
266490,2015-09-20,2015/2016,793,Luis Enrique Martínez García,match,Levante UD,1.1.0,2,2,90.0,1,1
266467,2015-09-23,2015/2016,793,Luis Enrique Martínez García,match,Celta Vigo,1.1.0,2,2,90.0,2,1
267611,2015-09-26,2015/2016,793,Luis Enrique Martínez García,match,Las Palmas,1.1.0,2,2,9.1667,1,1
266424,2015-11-21,2015/2016,793,Luis Enrique Martínez García,match,Real Madrid,1.1.0,2,2,33.8833,2,1
266885,2015-11-28,2015/2016,793,Luis Enrique Martínez García,match,Real Sociedad,1.1.0,2,2,90.0,1,1
267274,2015-12-05,2015/2016,793,Luis Enrique Martínez García,match,Valencia,1.1.0,2,2,90.0,1,1
266961,2015-12-12,2015/2016,793,Luis Enrique Martínez García,match,RC Deportivo La Coruña,1.1.0,2,2,90.0,1,1
267327,2015-12-30,2015/2016,793,Luis Enrique Martínez García,match,Real Betis,1.1.0,2,2,88.8833,2,2
266670,2016-01-02,2015/2016,793,Luis Enrique Martínez García,match,Espanyol,1.1.0,2,2,90.0,1,1
266620,2016-01-09,2015/2016,793,Luis Enrique Martínez García,match,Granada,1.1.0,2,2,90.0,1,1
266149,2016-01-17,2015/2016,793,Luis Enrique Martínez García,match,Athletic Club,1.1.0,2,2,45.0,1,1
265894,2016-01-23,2015/2016,793,Luis Enrique Martínez García,match,Málaga,1.1.0,2,2,90.0,1,1
267576,2016-01-30,2015/2016,793,Luis Enrique Martínez García,match,Atlético Madrid,1.1.0,2,2,90.0,1,1
266160,2016-02-07,2015/2016,793,Luis Enrique Martínez García,match,Levante UD,1.1.0,2,2,90.0,1,1
266254,2016-02-14,2015/2016,793,Luis Enrique Martínez García,match,Celta Vigo,1.1.0,2,2,90.0,1,1
266815,2016-02-17,2015/2016,793,Luis Enrique Martínez García,match,Sporting Gijón,1.1.0,2,2,90.0,1,1
267273,2016-02-20,2015/2016,793,Luis Enrique Martínez García,match,Las Palmas,1.1.0,2,2,90.0,1,1
265839,2016-02-28,2015/2016,793,Luis Enrique Martínez García,match,Sevilla,1.1.0,2,2,90.0,1,1
266653,2016-03-03,2015/2016,793,Luis Enrique Martínez García,match,Rayo Vallecano,1.1.0,2,2,90.0,1,1
266056,2016-03-06,2015/2016,793,Luis Enrique Martínez García,match,Eibar,1.1.0,2,2,90.0,1,1
266498,2016-03-12,2015/2016,793,Luis Enrique Martínez García,match,Getafe,1.1.0,2,2,90.0,1,1
266106,2016-03-20,2015/2016,793,Luis Enrique Martínez García,match,Villarreal,1.1.0,2,2,90.0,1,1
267533,2016-04-02,2015/2016,793,Luis Enrique Martínez García,match,Real Madrid,1.1.0,2,2,90.0,1,1
266664,2016-04-09,2015/2016,793,Luis Enrique Martínez García,match,Real Sociedad,1.1.0,2,2,90.0,1,1
266557,2016-04-17,2015/2016,793,Luis Enrique Martínez García,match,Valencia,1.1.0,2,2,90.0,1,1
266310,2016-04-20,2015/2016,793,Luis Enrique Martínez García,match,RC Deportivo La Coruña,1.1.0,2,2,90.0,1,1
265944,2016-04-23,2015/2016,793,Luis Enrique Martínez García,match,Sporting Gijón,1.1.0,2,2,90.0,1,1
266986,2016-04-30,2015/2016,793,Luis Enrique Martínez García,match,Real Betis,1.1.0,2,2,90.0,1,1
265958,2016-05-08,2015/2016,793,Luis Enrique Martínez García,match,Espanyol,1.1.0,2,2,90.0,1,1
267506,2016-05-14,2015/2016,793,Luis Enrique Martínez García,match,Granada,1.1.0,2,2,90.0,1,1
267670,2016-08-20,2016/2017,793,Luis Enrique Martínez García,match,Real Betis,1.1.0,2,2,90.0,1,1
266892,2016-08-28,2016/2017,793,Luis Enrique Martínez García,match,Athletic Club,1.1.0,2,2,90.0,1,1
266669,2016-09-10,2016/2017,793,Luis Enrique Martínez García,match,Deportivo Alavés,1.1.0,2,2,30.4833,2,1
267212,2016-09-17,2016/2017,793,Luis Enrique Martínez García,match,Leganés,1.1.0,2,2,90.0,1,1
267220,2016-09-21,2016/2017,793,Luis Enrique Martínez García,match,Atlético Madrid,1.1.0,2,2,58.7833,1,1
267492,2016-10-15,2016/2017,793,Luis Enrique Martínez García,match,RC Deportivo La Coruña,1.1.0,2,2,35.1667,2,1
266033,2016-10-22,2016/2017,793,Luis Enrique Martínez García,match,Valencia,1.1.0,2,2,90.0,1,1
267058,2016-10-29,2016/2017,793,Luis Enrique Martínez García,match,Granada,1.1.0,2,2,90.0,1,1
266989,2016-11-06,2016/2017,793,Luis Enrique Martínez García,match,Sevilla,1.1.0,2,2,89.85,2,2
266191,2016-11-27,2016/2017,793,Luis Enrique Martínez García,match,Real Sociedad,1.1.0,2,2,90.0,1,1
267076,2016-12-03,2016/2017,793,Luis Enrique Martínez García,match,Real Madrid,1.1.0,2,2,90.0,1,1
266357,2016-12-10,2016/2017,793,Luis Enrique Martínez García,match,Osasuna,1.1.0,2,2,90.0,1,1
266528,2016-12-18,2016/2017,793,Luis Enrique Martínez García,match,Espanyol,1.1.0,2,2,90.0,1,1
266477,2017-01-08,2016/2017,793,Luis Enrique Martínez García,match,Villarreal,1.1.0,2,2,90.0,1,1
267395,2017-01-14,2016/2017,793,Luis Enrique Martínez García,match,Las Palmas,1.1.0,2,2,90.0,1,1
266731,2017-01-22,2016/2017,793,Luis Enrique Martínez García,match,Eibar,1.1.0,2,2,90.0,1,1
266516,2017-01-29,2016/2017,793,Luis Enrique Martínez García,match,Real Betis,1.1.0,2,2,90.0,1,1
266874,2017-02-04,2016/2017,793,Luis Enrique Martínez García,match,Athletic Club,1.1.0,2,2,62.6667,1,1
266273,2017-02-11,2016/2017,793,Luis Enrique Martínez García,match,Deportivo Alavés,1.1.0,2,2,90.0,1,1
267596,2017-02-19,2016/2017,793,Luis Enrique Martínez García,match,Leganés,1.1.0,2,2,90.0,1,1
267464,2017-02-26,2016/2017,793,Luis Enrique Martínez García,match,Atlético Madrid,1.1.0,2,2,90.0,1,1
265952,2017-03-01,2016/2017,793,Luis Enrique Martínez García,match,Sporting Gijón,1.1.0,2,2,60.2167,1,1
266299,2017-03-04,2016/2017,793,Luis Enrique Martínez García,match,Celta Vigo,1.1.0,2,2,90.0,1,1
267660,2017-03-12,2016/2017,793,Luis Enrique Martínez García,match,RC Deportivo La Coruña,1.1.0,2,2,90.0,1,1
266440,2017-03-19,2016/2017,793,Luis Enrique Martínez García,match,Valencia,1.1.0,2,2,90.0,1,1
266280,2017-04-05,2016/2017,793,Luis Enrique Martínez García,match,Sevilla,1.1.0,2,2,90.0,2,1
267590,2017-04-08,2016/2017,793,Luis Enrique Martínez García,match,Málaga,1.1.0,2,2,90.0,2,1
267373,2017-04-15,2016/2017,793,Luis Enrique Martínez García,match,Real Sociedad,1.1.0,2,2,90.0,1,1
267569,2017-04-23,2016/2017,793,Luis Enrique Martínez García,match,Real Madrid,1.1.0,2,2,88.5,2,2
267101,2017-04-26,2016/2017,793,Luis Enrique Martínez García,match,Osasuna,1.1.0,2,2,62.7333,1,1
267077,2017-04-29,2016/2017,793,Luis Enrique Martínez García,match,Espanyol,1.1.0,2,2,90.0,1,1
266952,2017-05-06,2016/2017,793,Luis Enrique Martínez García,match,Villarreal,1.1.0,2,2,90.0,1,1
267039,2017-05-14,2016/2017,793,Luis Enrique Martínez García,match,Las Palmas,1.1.0,2,2,90.0,1,1
267432,2017-05-21,2016/2017,793,Luis Enrique Martínez García,match,Eibar,1.1.0,2,2,90.0,2,1
9575,2017-08-20,2017/2018,227,Ernesto Valverde Tejedor,match,Real Betis,1.1.0,2,,90.0,1,1
9581,2017-08-26,2017/2018,227,Ernesto Valverde Tejedor,match,Deportivo Alavés,1.1.0,2,2,90.0,1,1
9592,2017-09-09,2017/2018,227,Ernesto Valverde Tejedor,match,Espanyol,1.1.0,2,,90.0,1,1
9602,2017-09-16,2017/2018,227,Ernesto Valverde Tejedor,match,Getafe,1.1.0,2,2,90.0,3,1
9609,2017-09-19,2017/2018,227,Ernesto Valverde Tejedor,match,Eibar,1.1.0,2,2,90.0,1,1
9620,2017-09-23,2017/2018,227,Ernesto Valverde Tejedor,match,Girona,1.1.0,2,2,90.0,1,1
9636,2017-10-01,2017/2018,227,Ernesto Valverde Tejedor,match,Las Palmas,1.1.0,2,2,90.0,1,1
9642,2017-10-14,2017/2018,227,Ernesto Valverde Tejedor,match,Atlético Madrid,1.1.0,2,2,90.0,1,1
9650,2017-10-21,2017/2018,227,Ernesto Valverde Tejedor,match,Málaga,1.1.0,2,2,90.0,1,1
9661,2017-10-28,2017/2018,227,Ernesto Valverde Tejedor,match,Athletic Club,1.1.0,2,2,90.0,1,1
9673,2017-11-04,2017/2018,227,Ernesto Valverde Tejedor,match,Sevilla,1.1.0,2,2,90.0,1,1
9682,2017-11-18,2017/2018,227,Ernesto Valverde Tejedor,match,Leganés,1.1.0,2,2,90.0,1,1
9695,2017-11-26,2017/2018,227,Ernesto Valverde Tejedor,match,Valencia,1.1.0,2,2,90.0,1,1
9700,2017-12-02,2017/2018,227,Ernesto Valverde Tejedor,match,Celta Vigo,1.1.0,2,2,90.0,1,1
9717,2017-12-10,2017/2018,227,Ernesto Valverde Tejedor,match,Villarreal,1.1.0,2,2,90.0,1,1
9726,2017-12-17,2017/2018,227,Ernesto Valverde Tejedor,match,RC Deportivo La Coruña,1.1.0,2,2,90.0,1,1
9736,2017-12-23,2017/2018,227,Ernesto Valverde Tejedor,match,Real Madrid,1.1.0,2,,90.0,2,1
9742,2018-01-07,2017/2018,227,Ernesto Valverde Tejedor,match,Levante UD,1.1.0,2,2,90.0,1,1
9754,2018-01-14,2017/2018,227,Ernesto Valverde Tejedor,match,Real Sociedad,1.1.0,2,,90.0,1,1
9765,2018-01-21,2017/2018,227,Ernesto Valverde Tejedor,match,Real Betis,1.1.0,2,,90.0,1,1
9774,2018-01-28,2017/2018,227,Ernesto Valverde Tejedor,match,Deportivo Alavés,1.1.0,2,2,90.0,1,1
9783,2018-02-04,2017/2018,227,Ernesto Valverde Tejedor,match,Espanyol,1.1.0,2,2,31.9,2,1
9794,2018-02-11,2017/2018,227,Ernesto Valverde Tejedor,match,Getafe,1.1.0,2,2,90.0,1,1
9799,2018-02-17,2017/2018,227,Ernesto Valverde Tejedor,match,Eibar,1.1.0,2,2,90.0,1,1
9811,2018-02-24,2017/2018,227,Ernesto Valverde Tejedor,match,Girona,1.1.0,2,2,90.0,1,1
9827,2018-03-01,2017/2018,227,Ernesto Valverde Tejedor,match,Las Palmas,1.1.0,2,2,90.0,1,1
9837,2018-03-04,2017/2018,227,Ernesto Valverde Tejedor,match,Atlético Madrid,1.1.0,2,2,90.0,1,1
9855,2018-03-18,2017/2018,227,Ernesto Valverde Tejedor,match,Athletic Club,1.1.0,2,2,90.0,2,1
9860,2018-03-31,2017/2018,227,Ernesto Valverde Tejedor,match,Sevilla,1.1.0,2,2,32.6667,2,1
9870,2018-04-07,2017/2018,227,Ernesto Valverde Tejedor,match,Leganés,1.1.0,2,2,90.0,2,1
9880,2018-04-14,2017/2018,227,Ernesto Valverde Tejedor,match,Valencia,1.1.0,2,2,90.0,1,1
9889,2018-04-17,2017/2018,227,Ernesto Valverde Tejedor,match,Celta Vigo,1.1.0,2,,30.2833,2,1
9912,2018-04-29,2017/2018,227,Ernesto Valverde Tejedor,match,RC Deportivo La Coruña,1.1.0,2,2,90.0,2,1
9924,2018-05-06,2017/2018,227,Ernesto Valverde Tejedor,match,Real Madrid,1.1.0,2,2,90.0,1,1
9928,2018-05-09,2017/2018,227,Ernesto Valverde Tejedor,match,Villarreal,1.1.0,2,,90.0,2,1
9948,2018-05-20,2017/2018,227,Ernesto Valverde Tejedor,match,Real Sociedad,1.1.0,2,2,23.1167,2,1
15946,2018-08-18,2018/2019,227,Ernesto Valverde Tejedor,match,Deportivo Alavés,1.1.0,2,2,90.0,2,1
15956,2018-08-25,2018/2019,227,Ernesto Valverde Tejedor,match,Real Valladolid,1.1.0,2,2,90.0,2,1
15973,2018-09-02,2018/2019,227,Ernesto Valverde Tejedor,match,Huesca,1.1.0,2,2,90.0,2,1
15978,2018-09-15,2018/2019,227,Ernesto Valverde Tejedor,match,Real Sociedad,1.1.0,2,2,90.0,1,1
15986,2018-09-23,2018/2019,227,Ernesto Valverde Tejedor,match,Girona,1.1.0,2,2,90.0,2,1
15998,2018-09-26,2018/2019,227,Ernesto Valverde Tejedor,match,Leganés,1.1.0,2,,90.0,1,1
16010,2018-09-29,2018/2019,227,Ernesto Valverde Tejedor,match,Athletic Club,1.1.0,2,2,35.4667,2,1
16023,2018-10-07,2018/2019,227,Ernesto Valverde Tejedor,match,Valencia,1.1.0,2,2,90.0,1,1
16029,2018-10-20,2018/2019,227,Ernesto Valverde Tejedor,match,Sevilla,1.1.0,2,,18.2667,2,2
16056,2018-11-11,2018/2019,227,Ernesto Valverde Tejedor,match,Real Betis,1.1.0,2,2,90.0,1,1
16073,2018-11-24,2018/2019,227,Ernesto Valverde Tejedor,match,Atlético Madrid,1.1.0,2,,90.0,1,1
16079,2018-12-02,2018/2019,227,Ernesto Valverde Tejedor,match,Villarreal,1.1.0,2,2,90.0,1,1
16086,2018-12-08,2018/2019,227,Ernesto Valverde Tejedor,match,Espanyol,1.1.0,2,,90.0,1,1
16095,2018-12-16,2018/2019,227,Ernesto Valverde Tejedor,match,Levante UD,1.1.0,2,2,90.0,1,1
16109,2018-12-22,2018/2019,227,Ernesto Valverde Tejedor,match,Celta Vigo,1.1.0,2,2,90.0,1,1
16120,2019-01-06,2018/2019,227,Ernesto Valverde Tejedor,match,Getafe,1.1.0,2,,90.0,1,1
16131,2019-01-13,2018/2019,227,Ernesto Valverde Tejedor,match,Eibar,1.1.0,2,2,90.0,2,1
16136,2019-01-20,2018/2019,227,Ernesto Valverde Tejedor,match,Leganés,1.1.0,2,2,26.75,2,1
16149,2019-01-27,2018/2019,227,Ernesto Valverde Tejedor,match,Girona,1.1.0,2,2,90.0,1,1
16157,2019-02-02,2018/2019,227,Ernesto Valverde Tejedor,match,Valencia,1.1.0,2,,87.6333,2,2
16173,2019-02-10,2018/2019,227,Ernesto Valverde Tejedor,match,Athletic Club,1.1.0,2,2,90.0,1,1
16182,2019-02-16,2018/2019,227,Ernesto Valverde Tejedor,match,Real Valladolid,1.1.0,2,,90.0,1,1
16190,2019-02-23,2018/2019,227,Ernesto Valverde Tejedor,match,Sevilla,1.1.0,2,,90.0,3,1
16196,2019-03-02,2018/2019,227,Ernesto Valverde Tejedor,match,Real Madrid,1.1.0,2,,90.0,1,1
16205,2019-03-09,2018/2019,227,Ernesto Valverde Tejedor,match,Rayo Vallecano,1.1.0,2,,90.0,4,1
16215,2019-03-17,2018/2019,227,Ernesto Valverde Tejedor,match,Real Betis,1.1.0,2,,90.0,2,1
16231,2019-03-30,2018/2019,227,Ernesto Valverde Tejedor,match,Espanyol,1.1.0,2,,90.0,1,1
16240,2019-04-02,2018/2019,227,Ernesto Valverde Tejedor,match,Villarreal,1.1.0,2,,29.7333,2,1
16248,2019-04-06,2018/2019,227,Ernesto Valverde Tejedor,match,Atlético Madrid,1.1.0,2,,90.0,1,1
16265,2019-04-20,2018/2019,227,Ernesto Valverde Tejedor,match,Real Sociedad,1.1.0,2,,90.0,1,1
16275,2019-04-23,2018/2019,227,Ernesto Valverde Tejedor,match,Deportivo Alavés,1.1.0,2,,29.2667,1,1
16289,2019-04-27,2018/2019,227,Ernesto Valverde Tejedor,match,Levante UD,1.1.0,2,,45.0,1,1
16306,2019-05-12,2018/2019,227,Ernesto Valverde Tejedor,match,Getafe,1.1.0,2,,90.0,2,1
16317,2019-05-19,2018/2019,227,Ernesto Valverde Tejedor,match,Eibar,1.1.0,2,,90.0,1,1
303666,2019-09-21,2019/2020,227,Ernesto Valverde Tejedor,match,Granada,1.1.0,2,2,45.0,2,1
303430,2019-09-24,2019/2020,227,Ernesto Valverde Tejedor,match,Villarreal,1.1.0,2,2,42.2,2,2
303473,2019-10-06,2019/2020,227,Ernesto Valverde Tejedor,match,Sevilla,1.1.0,2,2,90.0,1,1
303700,2019-10-19,2019/2020,227,Ernesto Valverde Tejedor,match,Eibar,1.1.0,2,2,90.0,1,1
303600,2019-10-29,2019/2020,227,Ernesto Valverde Tejedor,match,Real Valladolid,1.1.0,2,2,90.0,1,1
303504,2019-11-02,2019/2020,227,Ernesto Valverde Tejedor,match,Levante UD,1.1.0,2,2,90.0,3,1
303487,2019-11-09,2019/2020,227,Ernesto Valverde Tejedor,match,Celta Vigo,1.1.0,2,2,90.0,3,1
303715,2019-11-23,2019/2020,227,Ernesto Valverde Tejedor,match,Leganés,1.1.0,2,2,90.0,1,1
303524,2019-12-01,2019/2020,227,Ernesto Valverde Tejedor,match,Atlético Madrid,1.1.0,2,2,90.0,1,1
303451,2019-12-07,2019/2020,227,Ernesto Valverde Tejedor,match,Mallorca,1.1.0,2,2,90.0,1,1
303664,2019-12-14,2019/2020,227,Ernesto Valverde Tejedor,match,Real Sociedad,1.1.0,2,2,90.0,1,1
303596,2019-12-18,2019/2020,227,Ernesto Valverde Tejedor,match,Real Madrid,1.1.0,2,2,90.0,1,1
303517,2019-12-21,2019/2020,227,Ernesto Valverde Tejedor,match,Deportivo Alavés,1.1.0,2,2,90.0,1,1
303652,2020-01-04,2019/2020,227,Ernesto Valverde Tejedor,match,Espanyol,1.1.0,2,2,90.0,2,1
303610,2020-01-19,2019/2020,238,Enrique Setién Solar,match,Granada,1.1.0,2,2,90.0,1,1
303400,2020-01-25,2019/2020,238,Enrique Setién Solar,match,Valencia,1.1.0,2,2,90.0,1,1
303682,2020-02-02,2019/2020,238,Enrique Setién Solar,match,Levante UD,1.1.0,2,2,90.0,2,1
303707,2020-02-09,2019/2020,238,Enrique Setién Solar,match,Real Betis,1.1.0,2,2,90.0,1,1
303377,2020-02-15,2019/2020,238,Enrique Setién Solar,match,Getafe,1.1.0,2,2,90.0,2,1
303731,2020-02-22,2019/2020,238,Enrique Setién Solar,match,Eibar,1.1.0,2,2,90.0,1,1
303470,2020-03-01,2019/2020,238,Enrique Setién Solar,match,Real Madrid,1.1.0,2,2,90.0,2,1
303479,2020-03-07,2019/2020,238,Enrique Setién Solar,match,Real Sociedad,1.1.0,2,2,90.0,1,1
303548,2020-06-13,2019/2020,238,Enrique Setién Solar,match,Mallorca,1.1.0,2,2,90.0,1,1
303532,2020-06-16,2019/2020,238,Enrique Setién Solar,match,Leganés,1.1.0,2,2,90.0,1,1
303674,2020-06-19,2019/2020,238,Enrique Setién Solar,match,Sevilla,1.1.0,2,2,90.0,1,1
303493,2020-06-23,2019/2020,238,Enrique Setién Solar,match,Athletic Club,1.1.0,2,2,90.0,1,1
303516,2020-06-27,2019/2020,238,Enrique Setién Solar,match,Celta Vigo,1.1.0,2,2,90.0,1,1
303696,2020-06-30,2019/2020,238,Enrique Setién Solar,match,Atlético Madrid,1.1.0,2,2,90.0,1,1
303725,2020-07-05,2019/2020,238,Enrique Setién Solar,match,Villarreal,1.1.0,2,2,90.0,3,1
303615,2020-07-08,2019/2020,238,Enrique Setién Solar,match,Espanyol,1.1.0,2,2,90.0,1,1
303680,2020-07-11,2019/2020,238,Enrique Setién Solar,match,Real Valladolid,1.1.0,2,2,90.0,1,1
303634,2020-07-16,2019/2020,238,Enrique Setién Solar,match,Osasuna,1.1.0,2,2,90.0,1,1
303421,2020-07-19,2019/2020,238,Enrique Setién Solar,match,Deportivo Alavés,1.1.0,2,2,90.0,1,1
3773593,2020-09-27,2020/2021,676,Ronald Koeman,match,Villarreal,1.1.0,2,2,90.0,1,1
3773466,2020-10-01,2020/2021,676,Ronald Koeman,match,Celta Vigo,1.1.0,2,2,90.0,3,1
3773672,2020-10-04,2020/2021,676,Ronald Koeman,match,Sevilla,1.1.0,2,2,90.0,1,1
3773587,2020-10-17,2020/2021,676,Ronald Koeman,match,Getafe,1.1.0,2,2,90.0,2,1
3773585,2020-10-24,2020/2021,676,Ronald Koeman,match,Real Madrid,1.1.0,2,2,90.0,1,1
3773386,2020-10-31,2020/2021,676,Ronald Koeman,match,Deportivo Alavés,1.1.0,2,2,90.0,1,1
3773477,2020-11-07,2020/2021,676,Ronald Koeman,match,Real Betis,1.1.0,2,2,45.0,1,1
3773656,2020-11-21,2020/2021,676,Ronald Koeman,match,Atlético Madrid,1.1.0,2,2,90.0,2,1
3773547,2020-11-29,2020/2021,676,Ronald Koeman,match,Osasuna,1.1.0,2,2,90.0,2,1
3773428,2020-12-05,2020/2021,676,Ronald Koeman,match,Cádiz,1.1.0,2,2,90.0,1,1
3773660,2020-12-13,2020/2021,676,Ronald Koeman,match,Levante UD,1.1.0,2,2,90.0,2,1
3773523,2020-12-16,2020/2021,676,Ronald Koeman,match,Real Sociedad,1.1.0,2,2,90.0,1,1
3773377,2020-12-19,2020/2021,676,Ronald Koeman,match,Valencia,1.1.0,2,2,90.0,4,1
3773571,2020-12-22,2020/2021,676,Ronald Koeman,match,Real Valladolid,1.1.0,2,2,90.0,1,1
3773552,2021-01-03,2020/2021,676,Ronald Koeman,match,Huesca,1.1.0,2,2,90.0,1,1
3764661,2021-01-06,2020/2021,676,Ronald Koeman,match,Athletic Club,1.1.0,2,2,90.0,1,1
3773565,2021-01-09,2020/2021,676,Ronald Koeman,match,Granada,1.1.0,2,2,64.55,1,1
3773403,2021-01-31,2020/2021,676,Ronald Koeman,match,Athletic Club,1.1.0,2,2,90.0,1,1
3773631,2021-02-07,2020/2021,676,Ronald Koeman,match,Real Betis,1.1.0,2,2,33.45,2,1
3773526,2021-02-13,2020/2021,676,Ronald Koeman,match,Deportivo Alavés,1.1.0,2,2,90.0,1,1
3773415,2021-02-21,2020/2021,676,Ronald Koeman,match,Cádiz,1.1.0,2,2,90.0,4,1
3764440,2021-02-24,2020/2021,676,Ronald Koeman,match,Elche,1.1.0,2,2,90.0,2,1
3773625,2021-02-27,2020/2021,676,Ronald Koeman,match,Sevilla,1.1.0,2,2,90.0,1,1
3773665,2021-03-06,2020/2021,676,Ronald Koeman,match,Osasuna,1.1.0,2,2,90.0,2,1
3773369,2021-03-15,2020/2021,676,Ronald Koeman,match,Huesca,1.1.0,2,2,90.0,1,1
3773597,2021-03-21,2020/2021,676,Ronald Koeman,match,Real Sociedad,1.1.0,2,2,90.0,2,1
3773474,2021-04-05,2020/2021,676,Ronald Koeman,match,Real Valladolid,1.1.0,2,2,90.0,3,1
3773497,2021-04-10,2020/2021,676,Ronald Koeman,match,Real Madrid,1.1.0,2,2,90.0,2,1
3773661,2021-04-22,2020/2021,676,Ronald Koeman,match,Getafe,1.1.0,2,2,90.0,1,1
3773689,2021-04-25,2020/2021,676,Ronald Koeman,match,Villarreal,1.1.0,2,2,90.0,1,1
3773586,2021-04-29,2020/2021,676,Ronald Koeman,match,Granada,1.1.0,2,2,90.0,3,1
3773695,2021-05-02,2020/2021,676,Ronald Koeman,match,Valencia,1.1.0,2,2,90.0,1,1
3773372,2021-05-08,2020/2021,676,Ronald Koeman,match,Atlético Madrid,1.1.0,2,2,90.0,2,1
3773387,2021-05-11,2020/2021,676,Ronald Koeman,match,Levante UD,1.1.0,2,2,90.0,2,1
3773457,2021-05-16,2020/2021,676,Ronald Koeman,match,Celta Vigo,1.1.0,2,2,90.0,1,1
